Lower tier local authorities Code,Lower tier local authorities,Age (61 categories) Code,Age (61 categories),Sex (2 categories) Code,Sex (2 categories),Ethnic group (6 categories) Code,Ethnic group (6 categories),Observation
E06000023,Bristol,1,Aged 15 years and under,1,Female,-8,Does not apply,0
E06000023,Bristol,1,Aged 15 years and under,1,Female,1,"Asian, Asian British or Asian Welsh",3022
E06000023,Bristol,1,Aged 15 years and under,1,Female,2,"Black, Black British, Black Welsh, Caribbean or African",4073
E06000023,Bristol,1,Aged 15 years and under,1,Female,3,Mixed or Multiple ethnic groups,4017
E06000023,Bristol,1,Aged 15 years and under,1,Female,4,White,28285
E06000023,Bristol,1,Aged 15 years and under,1,Female,5,Other ethnic group,1034
E06000023,Bristol,1,Aged 15 years and under,2,Male,-8,Does not apply,0
E06000023,Bristol,1,Aged 15 years and under,2,Male,1,"Asian, Asian British or Asian Welsh",3164
E06000023,Bristol,1,Aged 15 years and under,2,Male,2,"Black, Black British, Black Welsh, Caribbean or African",4225
E06000023,Bristol,1,Aged 15 years and under,2,Male,3,Mixed or Multiple ethnic groups,4083
E06000023,Bristol,1,Aged 15 years and under,2,Male,4,White,29615
E06000023,Bristol,1,Aged 15 years and under,2,Male,5,Other ethnic group,1035
E06000023,Bristol,2,Aged 16 years,1,Female,-8,Does not apply,0
E06000023,Bristol,2,Aged 16 years,1,Female,1,"Asian, Asian British or Asian Welsh",184
E06000023,Bristol,2,Aged 16 years,1,Female,2,"Black, Black British, Black Welsh, Caribbean or African",243
E06000023,Bristol,2,Aged 16 years,1,Female,3,Mixed or Multiple ethnic groups,195
E06000023,Bristol,2,Aged 16 years,1,Female,4,White,1495
E06000023,Bristol,2,Aged 16 years,1,Female,5,Other ethnic group,54
E06000023,Bristol,2,Aged 16 years,2,Male,-8,Does not apply,0
E06000023,Bristol,2,Aged 16 years,2,Male,1,"Asian, Asian British or Asian Welsh",199
E06000023,Bristol,2,Aged 16 years,2,Male,2,"Black, Black British, Black Welsh, Caribbean or African",256
E06000023,Bristol,2,Aged 16 years,2,Male,3,Mixed or Multiple ethnic groups,194
E06000023,Bristol,2,Aged 16 years,2,Male,4,White,1655
E06000023,Bristol,2,Aged 16 years,2,Male,5,Other ethnic group,53
E06000023,Bristol,3,Aged 17 years,1,Female,-8,Does not apply,0
E06000023,Bristol,3,Aged 17 years,1,Female,1,"Asian, Asian British or Asian Welsh",177
E06000023,Bristol,3,Aged 17 years,1,Female,2,"Black, Black British, Black Welsh, Caribbean or African",256
E06000023,Bristol,3,Aged 17 years,1,Female,3,Mixed or Multiple ethnic groups,180
E06000023,Bristol,3,Aged 17 years,1,Female,4,White,1485
E06000023,Bristol,3,Aged 17 years,1,Female,5,Other ethnic group,44
E06000023,Bristol,3,Aged 17 years,2,Male,-8,Does not apply,0
E06000023,Bristol,3,Aged 17 years,2,Male,1,"Asian, Asian British or Asian Welsh",223
E06000023,Bristol,3,Aged 17 years,2,Male,2,"Black, Black British, Black Welsh, Caribbean or African",251
E06000023,Bristol,3,Aged 17 years,2,Male,3,Mixed or Multiple ethnic groups,184
E06000023,Bristol,3,Aged 17 years,2,Male,4,White,1542
E06000023,Bristol,3,Aged 17 years,2,Male,5,Other ethnic group,62
E06000023,Bristol,4,Aged 18 years,1,Female,-8,Does not apply,0
E06000023,Bristol,4,Aged 18 years,1,Female,1,"Asian, Asian British or Asian Welsh",195
E06000023,Bristol,4,Aged 18 years,1,Female,2,"Black, Black British, Black Welsh, Caribbean or African",229
E06000023,Bristol,4,Aged 18 years,1,Female,3,Mixed or Multiple ethnic groups,141
E06000023,Bristol,4,Aged 18 years,1,Female,4,White,1326
E06000023,Bristol,4,Aged 18 years,1,Female,5,Other ethnic group,42
E06000023,Bristol,4,Aged 18 years,2,Male,-8,Does not apply,0
E06000023,Bristol,4,Aged 18 years,2,Male,1,"Asian, Asian British or Asian Welsh",205
E06000023,Bristol,4,Aged 18 years,2,Male,2,"Black, Black British, Black Welsh, Caribbean or African",256
E06000023,Bristol,4,Aged 18 years,2,Male,3,Mixed or Multiple ethnic groups,167
E06000023,Bristol,4,Aged 18 years,2,Male,4,White,1380
E06000023,Bristol,4,Aged 18 years,2,Male,5,Other ethnic group,38
E06000023,Bristol,5,Aged 19 years,1,Female,-8,Does not apply,0
E06000023,Bristol,5,Aged 19 years,1,Female,1,"Asian, Asian British or Asian Welsh",225
E06000023,Bristol,5,Aged 19 years,1,Female,2,"Black, Black British, Black Welsh, Caribbean or African",178
E06000023,Bristol,5,Aged 19 years,1,Female,3,Mixed or Multiple ethnic groups,190
E06000023,Bristol,5,Aged 19 years,1,Female,4,White,2013
E06000023,Bristol,5,Aged 19 years,1,Female,5,Other ethnic group,67
E06000023,Bristol,5,Aged 19 years,2,Male,-8,Does not apply,0
E06000023,Bristol,5,Aged 19 years,2,Male,1,"Asian, Asian British or Asian Welsh",283
E06000023,Bristol,5,Aged 19 years,2,Male,2,"Black, Black British, Black Welsh, Caribbean or African",222
E06000023,Bristol,5,Aged 19 years,2,Male,3,Mixed or Multiple ethnic groups,171
E06000023,Bristol,5,Aged 19 years,2,Male,4,White,1923
E06000023,Bristol,5,Aged 19 years,2,Male,5,Other ethnic group,60
E06000023,Bristol,6,Aged 20 years,1,Female,-8,Does not apply,0
E06000023,Bristol,6,Aged 20 years,1,Female,1,"Asian, Asian British or Asian Welsh",386
E06000023,Bristol,6,Aged 20 years,1,Female,2,"Black, Black British, Black Welsh, Caribbean or African",236
E06000023,Bristol,6,Aged 20 years,1,Female,3,Mixed or Multiple ethnic groups,292
E06000023,Bristol,6,Aged 20 years,1,Female,4,White,3512
E06000023,Bristol,6,Aged 20 years,1,Female,5,Other ethnic group,87
E06000023,Bristol,6,Aged 20 years,2,Male,-8,Does not apply,0
E06000023,Bristol,6,Aged 20 years,2,Male,1,"Asian, Asian British or Asian Welsh",417
E06000023,Bristol,6,Aged 20 years,2,Male,2,"Black, Black British, Black Welsh, Caribbean or African",254
E06000023,Bristol,6,Aged 20 years,2,Male,3,Mixed or Multiple ethnic groups,241
E06000023,Bristol,6,Aged 20 years,2,Male,4,White,3325
E06000023,Bristol,6,Aged 20 years,2,Male,5,Other ethnic group,94
E06000023,Bristol,7,Aged 21 years,1,Female,-8,Does not apply,0
E06000023,Bristol,7,Aged 21 years,1,Female,1,"Asian, Asian British or Asian Welsh",321
E06000023,Bristol,7,Aged 21 years,1,Female,2,"Black, Black British, Black Welsh, Caribbean or African",208
E06000023,Bristol,7,Aged 21 years,1,Female,3,Mixed or Multiple ethnic groups,282
E06000023,Bristol,7,Aged 21 years,1,Female,4,White,3977
E06000023,Bristol,7,Aged 21 years,1,Female,5,Other ethnic group,66
E06000023,Bristol,7,Aged 21 years,2,Male,-8,Does not apply,0
E06000023,Bristol,7,Aged 21 years,2,Male,1,"Asian, Asian British or Asian Welsh",350
E06000023,Bristol,7,Aged 21 years,2,Male,2,"Black, Black British, Black Welsh, Caribbean or African",247
E06000023,Bristol,7,Aged 21 years,2,Male,3,Mixed or Multiple ethnic groups,289
E06000023,Bristol,7,Aged 21 years,2,Male,4,White,3758
E06000023,Bristol,7,Aged 21 years,2,Male,5,Other ethnic group,94
E06000023,Bristol,8,Aged 22 years,1,Female,-8,Does not apply,0
E06000023,Bristol,8,Aged 22 years,1,Female,1,"Asian, Asian British or Asian Welsh",298
E06000023,Bristol,8,Aged 22 years,1,Female,2,"Black, Black British, Black Welsh, Caribbean or African",197
E06000023,Bristol,8,Aged 22 years,1,Female,3,Mixed or Multiple ethnic groups,249
E06000023,Bristol,8,Aged 22 years,1,Female,4,White,3579
E06000023,Bristol,8,Aged 22 years,1,Female,5,Other ethnic group,63
E06000023,Bristol,8,Aged 22 years,2,Male,-8,Does not apply,0
E06000023,Bristol,8,Aged 22 years,2,Male,1,"Asian, Asian British or Asian Welsh",370
E06000023,Bristol,8,Aged 22 years,2,Male,2,"Black, Black British, Black Welsh, Caribbean or African",204
E06000023,Bristol,8,Aged 22 years,2,Male,3,Mixed or Multiple ethnic groups,246
E06000023,Bristol,8,Aged 22 years,2,Male,4,White,3435
E06000023,Bristol,8,Aged 22 years,2,Male,5,Other ethnic group,97
E06000023,Bristol,9,Aged 23 years,1,Female,-8,Does not apply,0
E06000023,Bristol,9,Aged 23 years,1,Female,1,"Asian, Asian British or Asian Welsh",277
E06000023,Bristol,9,Aged 23 years,1,Female,2,"Black, Black British, Black Welsh, Caribbean or African",203
E06000023,Bristol,9,Aged 23 years,1,Female,3,Mixed or Multiple ethnic groups,247
E06000023,Bristol,9,Aged 23 years,1,Female,4,White,3459
E06000023,Bristol,9,Aged 23 years,1,Female,5,Other ethnic group,83
E06000023,Bristol,9,Aged 23 years,2,Male,-8,Does not apply,0
E06000023,Bristol,9,Aged 23 years,2,Male,1,"Asian, Asian British or Asian Welsh",297
E06000023,Bristol,9,Aged 23 years,2,Male,2,"Black, Black British, Black Welsh, Caribbean or African",168
E06000023,Bristol,9,Aged 23 years,2,Male,3,Mixed or Multiple ethnic groups,228
E06000023,Bristol,9,Aged 23 years,2,Male,4,White,3235
E06000023,Bristol,9,Aged 23 years,2,Male,5,Other ethnic group,81
E06000023,Bristol,10,Aged 24 years,1,Female,-8,Does not apply,0
E06000023,Bristol,10,Aged 24 years,1,Female,1,"Asian, Asian British or Asian Welsh",253
E06000023,Bristol,10,Aged 24 years,1,Female,2,"Black, Black British, Black Welsh, Caribbean or African",211
E06000023,Bristol,10,Aged 24 years,1,Female,3,Mixed or Multiple ethnic groups,248
E06000023,Bristol,10,Aged 24 years,1,Female,4,White,3298
E06000023,Bristol,10,Aged 24 years,1,Female,5,Other ethnic group,64
E06000023,Bristol,10,Aged 24 years,2,Male,-8,Does not apply,0
E06000023,Bristol,10,Aged 24 years,2,Male,1,"Asian, Asian British or Asian Welsh",263
E06000023,Bristol,10,Aged 24 years,2,Male,2,"Black, Black British, Black Welsh, Caribbean or African",179
E06000023,Bristol,10,Aged 24 years,2,Male,3,Mixed or Multiple ethnic groups,207
E06000023,Bristol,10,Aged 24 years,2,Male,4,White,3435
E06000023,Bristol,10,Aged 24 years,2,Male,5,Other ethnic group,67
E06000023,Bristol,11,Aged 25 years,1,Female,-8,Does not apply,0
E06000023,Bristol,11,Aged 25 years,1,Female,1,"Asian, Asian British or Asian Welsh",260
E06000023,Bristol,11,Aged 25 years,1,Female,2,"Black, Black British, Black Welsh, Caribbean or African",192
E06000023,Bristol,11,Aged 25 years,1,Female,3,Mixed or Multiple ethnic groups,225
E06000023,Bristol,11,Aged 25 years,1,Female,4,White,3409
E06000023,Bristol,11,Aged 25 years,1,Female,5,Other ethnic group,78
E06000023,Bristol,11,Aged 25 years,2,Male,-8,Does not apply,0
E06000023,Bristol,11,Aged 25 years,2,Male,1,"Asian, Asian British or Asian Welsh",261
E06000023,Bristol,11,Aged 25 years,2,Male,2,"Black, Black British, Black Welsh, Caribbean or African",183
E06000023,Bristol,11,Aged 25 years,2,Male,3,Mixed or Multiple ethnic groups,206
E06000023,Bristol,11,Aged 25 years,2,Male,4,White,3536
E06000023,Bristol,11,Aged 25 years,2,Male,5,Other ethnic group,64
E06000023,Bristol,12,Aged 26 years,1,Female,-8,Does not apply,0
E06000023,Bristol,12,Aged 26 years,1,Female,1,"Asian, Asian British or Asian Welsh",270
E06000023,Bristol,12,Aged 26 years,1,Female,2,"Black, Black British, Black Welsh, Caribbean or African",195
E06000023,Bristol,12,Aged 26 years,1,Female,3,Mixed or Multiple ethnic groups,202
E06000023,Bristol,12,Aged 26 years,1,Female,4,White,3764
E06000023,Bristol,12,Aged 26 years,1,Female,5,Other ethnic group,91
E06000023,Bristol,12,Aged 26 years,2,Male,-8,Does not apply,0
E06000023,Bristol,12,Aged 26 years,2,Male,1,"Asian, Asian British or Asian Welsh",224
E06000023,Bristol,12,Aged 26 years,2,Male,2,"Black, Black British, Black Welsh, Caribbean or African",158
E06000023,Bristol,12,Aged 26 years,2,Male,3,Mixed or Multiple ethnic groups,205
E06000023,Bristol,12,Aged 26 years,2,Male,4,White,3663
E06000023,Bristol,12,Aged 26 years,2,Male,5,Other ethnic group,64
E06000023,Bristol,13,Aged 27 years,1,Female,-8,Does not apply,0
E06000023,Bristol,13,Aged 27 years,1,Female,1,"Asian, Asian British or Asian Welsh",230
E06000023,Bristol,13,Aged 27 years,1,Female,2,"Black, Black British, Black Welsh, Caribbean or African",213
E06000023,Bristol,13,Aged 27 years,1,Female,3,Mixed or Multiple ethnic groups,213
E06000023,Bristol,13,Aged 27 years,1,Female,4,White,3728
E06000023,Bristol,13,Aged 27 years,1,Female,5,Other ethnic group,76
E06000023,Bristol,13,Aged 27 years,2,Male,-8,Does not apply,0
E06000023,Bristol,13,Aged 27 years,2,Male,1,"Asian, Asian British or Asian Welsh",219
E06000023,Bristol,13,Aged 27 years,2,Male,2,"Black, Black British, Black Welsh, Caribbean or African",134
E06000023,Bristol,13,Aged 27 years,2,Male,3,Mixed or Multiple ethnic groups,197
E06000023,Bristol,13,Aged 27 years,2,Male,4,White,3745
E06000023,Bristol,13,Aged 27 years,2,Male,5,Other ethnic group,84
E06000023,Bristol,14,Aged 28 years,1,Female,-8,Does not apply,0
E06000023,Bristol,14,Aged 28 years,1,Female,1,"Asian, Asian British or Asian Welsh",291
E06000023,Bristol,14,Aged 28 years,1,Female,2,"Black, Black British, Black Welsh, Caribbean or African",181
E06000023,Bristol,14,Aged 28 years,1,Female,3,Mixed or Multiple ethnic groups,212
E06000023,Bristol,14,Aged 28 years,1,Female,4,White,3609
E06000023,Bristol,14,Aged 28 years,1,Female,5,Other ethnic group,67
E06000023,Bristol,14,Aged 28 years,2,Male,-8,Does not apply,0
E06000023,Bristol,14,Aged 28 years,2,Male,1,"Asian, Asian British or Asian Welsh",241
E06000023,Bristol,14,Aged 28 years,2,Male,2,"Black, Black British, Black Welsh, Caribbean or African",141
E06000023,Bristol,14,Aged 28 years,2,Male,3,Mixed or Multiple ethnic groups,185
E06000023,Bristol,14,Aged 28 years,2,Male,4,White,3784
E06000023,Bristol,14,Aged 28 years,2,Male,5,Other ethnic group,88
E06000023,Bristol,15,Aged 29 years,1,Female,-8,Does not apply,0
E06000023,Bristol,15,Aged 29 years,1,Female,1,"Asian, Asian British or Asian Welsh",262
E06000023,Bristol,15,Aged 29 years,1,Female,2,"Black, Black British, Black Welsh, Caribbean or African",164
E06000023,Bristol,15,Aged 29 years,1,Female,3,Mixed or Multiple ethnic groups,189
E06000023,Bristol,15,Aged 29 years,1,Female,4,White,3729
E06000023,Bristol,15,Aged 29 years,1,Female,5,Other ethnic group,85
E06000023,Bristol,15,Aged 29 years,2,Male,-8,Does not apply,0
E06000023,Bristol,15,Aged 29 years,2,Male,1,"Asian, Asian British or Asian Welsh",230
E06000023,Bristol,15,Aged 29 years,2,Male,2,"Black, Black British, Black Welsh, Caribbean or African",157
E06000023,Bristol,15,Aged 29 years,2,Male,3,Mixed or Multiple ethnic groups,163
E06000023,Bristol,15,Aged 29 years,2,Male,4,White,3849
E06000023,Bristol,15,Aged 29 years,2,Male,5,Other ethnic group,79
E06000023,Bristol,16,Aged 30 years,1,Female,-8,Does not apply,0
E06000023,Bristol,16,Aged 30 years,1,Female,1,"Asian, Asian British or Asian Welsh",277
E06000023,Bristol,16,Aged 30 years,1,Female,2,"Black, Black British, Black Welsh, Caribbean or African",190
E06000023,Bristol,16,Aged 30 years,1,Female,3,Mixed or Multiple ethnic groups,219
E06000023,Bristol,16,Aged 30 years,1,Female,4,White,3743
E06000023,Bristol,16,Aged 30 years,1,Female,5,Other ethnic group,90
E06000023,Bristol,16,Aged 30 years,2,Male,-8,Does not apply,0
E06000023,Bristol,16,Aged 30 years,2,Male,1,"Asian, Asian British or Asian Welsh",231
E06000023,Bristol,16,Aged 30 years,2,Male,2,"Black, Black British, Black Welsh, Caribbean or African",139
E06000023,Bristol,16,Aged 30 years,2,Male,3,Mixed or Multiple ethnic groups,182
E06000023,Bristol,16,Aged 30 years,2,Male,4,White,3780
E06000023,Bristol,16,Aged 30 years,2,Male,5,Other ethnic group,99
E06000023,Bristol,17,Aged 31 years,1,Female,-8,Does not apply,0
E06000023,Bristol,17,Aged 31 years,1,Female,1,"Asian, Asian British or Asian Welsh",272
E06000023,Bristol,17,Aged 31 years,1,Female,2,"Black, Black British, Black Welsh, Caribbean or African",193
E06000023,Bristol,17,Aged 31 years,1,Female,3,Mixed or Multiple ethnic groups,211
E06000023,Bristol,17,Aged 31 years,1,Female,4,White,3686
E06000023,Bristol,17,Aged 31 years,1,Female,5,Other ethnic group,120
E06000023,Bristol,17,Aged 31 years,2,Male,-8,Does not apply,0
E06000023,Bristol,17,Aged 31 years,2,Male,1,"Asian, Asian British or Asian Welsh",226
E06000023,Bristol,17,Aged 31 years,2,Male,2,"Black, Black British, Black Welsh, Caribbean or African",159
E06000023,Bristol,17,Aged 31 years,2,Male,3,Mixed or Multiple ethnic groups,164
E06000023,Bristol,17,Aged 31 years,2,Male,4,White,3745
E06000023,Bristol,17,Aged 31 years,2,Male,5,Other ethnic group,109
E06000023,Bristol,18,Aged 32 years,1,Female,-8,Does not apply,0
E06000023,Bristol,18,Aged 32 years,1,Female,1,"Asian, Asian British or Asian Welsh",310
E06000023,Bristol,18,Aged 32 years,1,Female,2,"Black, Black British, Black Welsh, Caribbean or African",217
E06000023,Bristol,18,Aged 32 years,1,Female,3,Mixed or Multiple ethnic groups,174
E06000023,Bristol,18,Aged 32 years,1,Female,4,White,3640
E06000023,Bristol,18,Aged 32 years,1,Female,5,Other ethnic group,107
E06000023,Bristol,18,Aged 32 years,2,Male,-8,Does not apply,0
E06000023,Bristol,18,Aged 32 years,2,Male,1,"Asian, Asian British or Asian Welsh",254
E06000023,Bristol,18,Aged 32 years,2,Male,2,"Black, Black British, Black Welsh, Caribbean or African",159
E06000023,Bristol,18,Aged 32 years,2,Male,3,Mixed or Multiple ethnic groups,168
E06000023,Bristol,18,Aged 32 years,2,Male,4,White,3645
E06000023,Bristol,18,Aged 32 years,2,Male,5,Other ethnic group,111
E06000023,Bristol,19,Aged 33 years,1,Female,-8,Does not apply,0
E06000023,Bristol,19,Aged 33 years,1,Female,1,"Asian, Asian British or Asian Welsh",319
E06000023,Bristol,19,Aged 33 years,1,Female,2,"Black, Black British, Black Welsh, Caribbean or African",201
E06000023,Bristol,19,Aged 33 years,1,Female,3,Mixed or Multiple ethnic groups,191
E06000023,Bristol,19,Aged 33 years,1,Female,4,White,3550
E06000023,Bristol,19,Aged 33 years,1,Female,5,Other ethnic group,91
E06000023,Bristol,19,Aged 33 years,2,Male,-8,Does not apply,0
E06000023,Bristol,19,Aged 33 years,2,Male,1,"Asian, Asian British or Asian Welsh",237
E06000023,Bristol,19,Aged 33 years,2,Male,2,"Black, Black British, Black Welsh, Caribbean or African",156
E06000023,Bristol,19,Aged 33 years,2,Male,3,Mixed or Multiple ethnic groups,165
E06000023,Bristol,19,Aged 33 years,2,Male,4,White,3651
E06000023,Bristol,19,Aged 33 years,2,Male,5,Other ethnic group,81
E06000023,Bristol,20,Aged 34 years,1,Female,-8,Does not apply,0
E06000023,Bristol,20,Aged 34 years,1,Female,1,"Asian, Asian British or Asian Welsh",310
E06000023,Bristol,20,Aged 34 years,1,Female,2,"Black, Black British, Black Welsh, Caribbean or African",199
E06000023,Bristol,20,Aged 34 years,1,Female,3,Mixed or Multiple ethnic groups,175
E06000023,Bristol,20,Aged 34 years,1,Female,4,White,3421
E06000023,Bristol,20,Aged 34 years,1,Female,5,Other ethnic group,102
E06000023,Bristol,20,Aged 34 years,2,Male,-8,Does not apply,0
E06000023,Bristol,20,Aged 34 years,2,Male,1,"Asian, Asian British or Asian Welsh",249
E06000023,Bristol,20,Aged 34 years,2,Male,2,"Black, Black British, Black Welsh, Caribbean or African",147
E06000023,Bristol,20,Aged 34 years,2,Male,3,Mixed or Multiple ethnic groups,164
E06000023,Bristol,20,Aged 34 years,2,Male,4,White,3451
E06000023,Bristol,20,Aged 34 years,2,Male,5,Other ethnic group,84
E06000023,Bristol,21,Aged 35 years,1,Female,-8,Does not apply,0
E06000023,Bristol,21,Aged 35 years,1,Female,1,"Asian, Asian British or Asian Welsh",290
E06000023,Bristol,21,Aged 35 years,1,Female,2,"Black, Black British, Black Welsh, Caribbean or African",235
E06000023,Bristol,21,Aged 35 years,1,Female,3,Mixed or Multiple ethnic groups,154
E06000023,Bristol,21,Aged 35 years,1,Female,4,White,3324
E06000023,Bristol,21,Aged 35 years,1,Female,5,Other ethnic group,93
E06000023,Bristol,21,Aged 35 years,2,Male,-8,Does not apply,0
E06000023,Bristol,21,Aged 35 years,2,Male,1,"Asian, Asian British or Asian Welsh",300
E06000023,Bristol,21,Aged 35 years,2,Male,2,"Black, Black British, Black Welsh, Caribbean or African",188
E06000023,Bristol,21,Aged 35 years,2,Male,3,Mixed or Multiple ethnic groups,165
E06000023,Bristol,21,Aged 35 years,2,Male,4,White,3392
E06000023,Bristol,21,Aged 35 years,2,Male,5,Other ethnic group,99
E06000023,Bristol,22,Aged 36 years,1,Female,-8,Does not apply,0
E06000023,Bristol,22,Aged 36 years,1,Female,1,"Asian, Asian British or Asian Welsh",280
E06000023,Bristol,22,Aged 36 years,1,Female,2,"Black, Black British, Black Welsh, Caribbean or African",228
E06000023,Bristol,22,Aged 36 years,1,Female,3,Mixed or Multiple ethnic groups,156
E06000023,Bristol,22,Aged 36 years,1,Female,4,White,3160
E06000023,Bristol,22,Aged 36 years,1,Female,5,Other ethnic group,88
E06000023,Bristol,22,Aged 36 years,2,Male,-8,Does not apply,0
E06000023,Bristol,22,Aged 36 years,2,Male,1,"Asian, Asian British or Asian Welsh",250
E06000023,Bristol,22,Aged 36 years,2,Male,2,"Black, Black British, Black Welsh, Caribbean or African",182
E06000023,Bristol,22,Aged 36 years,2,Male,3,Mixed or Multiple ethnic groups,125
E06000023,Bristol,22,Aged 36 years,2,Male,4,White,3262
E06000023,Bristol,22,Aged 36 years,2,Male,5,Other ethnic group,108
E06000023,Bristol,23,Aged 37 years,1,Female,-8,Does not apply,0
E06000023,Bristol,23,Aged 37 years,1,Female,1,"Asian, Asian British or Asian Welsh",292
E06000023,Bristol,23,Aged 37 years,1,Female,2,"Black, Black British, Black Welsh, Caribbean or African",211
E06000023,Bristol,23,Aged 37 years,1,Female,3,Mixed or Multiple ethnic groups,128
E06000023,Bristol,23,Aged 37 years,1,Female,4,White,3041
E06000023,Bristol,23,Aged 37 years,1,Female,5,Other ethnic group,95
E06000023,Bristol,23,Aged 37 years,2,Male,-8,Does not apply,0
E06000023,Bristol,23,Aged 37 years,2,Male,1,"Asian, Asian British or Asian Welsh",246
E06000023,Bristol,23,Aged 37 years,2,Male,2,"Black, Black British, Black Welsh, Caribbean or African",171
E06000023,Bristol,23,Aged 37 years,2,Male,3,Mixed or Multiple ethnic groups,148
E06000023,Bristol,23,Aged 37 years,2,Male,4,White,3054
E06000023,Bristol,23,Aged 37 years,2,Male,5,Other ethnic group,119
E06000023,Bristol,24,Aged 38 years,1,Female,-8,Does not apply,0
E06000023,Bristol,24,Aged 38 years,1,Female,1,"Asian, Asian British or Asian Welsh",294
E06000023,Bristol,24,Aged 38 years,1,Female,2,"Black, Black British, Black Welsh, Caribbean or African",219
E06000023,Bristol,24,Aged 38 years,1,Female,3,Mixed or Multiple ethnic groups,120
E06000023,Bristol,24,Aged 38 years,1,Female,4,White,2738
E06000023,Bristol,24,Aged 38 years,1,Female,5,Other ethnic group,96
E06000023,Bristol,24,Aged 38 years,2,Male,-8,Does not apply,0
E06000023,Bristol,24,Aged 38 years,2,Male,1,"Asian, Asian British or Asian Welsh",258
E06000023,Bristol,24,Aged 38 years,2,Male,2,"Black, Black British, Black Welsh, Caribbean or African",152
E06000023,Bristol,24,Aged 38 years,2,Male,3,Mixed or Multiple ethnic groups,109
E06000023,Bristol,24,Aged 38 years,2,Male,4,White,2991
E06000023,Bristol,24,Aged 38 years,2,Male,5,Other ethnic group,93
E06000023,Bristol,25,Aged 39 years,1,Female,-8,Does not apply,0
E06000023,Bristol,25,Aged 39 years,1,Female,1,"Asian, Asian British or Asian Welsh",285
E06000023,Bristol,25,Aged 39 years,1,Female,2,"Black, Black British, Black Welsh, Caribbean or African",198
E06000023,Bristol,25,Aged 39 years,1,Female,3,Mixed or Multiple ethnic groups,113
E06000023,Bristol,25,Aged 39 years,1,Female,4,White,2777
E06000023,Bristol,25,Aged 39 years,1,Female,5,Other ethnic group,66
E06000023,Bristol,25,Aged 39 years,2,Male,-8,Does not apply,0
E06000023,Bristol,25,Aged 39 years,2,Male,1,"Asian, Asian British or Asian Welsh",267
E06000023,Bristol,25,Aged 39 years,2,Male,2,"Black, Black British, Black Welsh, Caribbean or African",147
E06000023,Bristol,25,Aged 39 years,2,Male,3,Mixed or Multiple ethnic groups,104
E06000023,Bristol,25,Aged 39 years,2,Male,4,White,2860
E06000023,Bristol,25,Aged 39 years,2,Male,5,Other ethnic group,95
E06000023,Bristol,26,Aged 40 years,1,Female,-8,Does not apply,0
E06000023,Bristol,26,Aged 40 years,1,Female,1,"Asian, Asian British or Asian Welsh",301
E06000023,Bristol,26,Aged 40 years,1,Female,2,"Black, Black British, Black Welsh, Caribbean or African",223
E06000023,Bristol,26,Aged 40 years,1,Female,3,Mixed or Multiple ethnic groups,132
E06000023,Bristol,26,Aged 40 years,1,Female,4,White,2748
E06000023,Bristol,26,Aged 40 years,1,Female,5,Other ethnic group,82
E06000023,Bristol,26,Aged 40 years,2,Male,-8,Does not apply,0
E06000023,Bristol,26,Aged 40 years,2,Male,1,"Asian, Asian British or Asian Welsh",267
E06000023,Bristol,26,Aged 40 years,2,Male,2,"Black, Black British, Black Welsh, Caribbean or African",173
E06000023,Bristol,26,Aged 40 years,2,Male,3,Mixed or Multiple ethnic groups,107
E06000023,Bristol,26,Aged 40 years,2,Male,4,White,2887
E06000023,Bristol,26,Aged 40 years,2,Male,5,Other ethnic group,91
E06000023,Bristol,27,Aged 41 years,1,Female,-8,Does not apply,0
E06000023,Bristol,27,Aged 41 years,1,Female,1,"Asian, Asian British or Asian Welsh",279
E06000023,Bristol,27,Aged 41 years,1,Female,2,"Black, Black British, Black Welsh, Caribbean or African",248
E06000023,Bristol,27,Aged 41 years,1,Female,3,Mixed or Multiple ethnic groups,101
E06000023,Bristol,27,Aged 41 years,1,Female,4,White,2718
E06000023,Bristol,27,Aged 41 years,1,Female,5,Other ethnic group,78
E06000023,Bristol,27,Aged 41 years,2,Male,-8,Does not apply,0
E06000023,Bristol,27,Aged 41 years,2,Male,1,"Asian, Asian British or Asian Welsh",218
E06000023,Bristol,27,Aged 41 years,2,Male,2,"Black, Black British, Black Welsh, Caribbean or African",197
E06000023,Bristol,27,Aged 41 years,2,Male,3,Mixed or Multiple ethnic groups,77
E06000023,Bristol,27,Aged 41 years,2,Male,4,White,2714
E06000023,Bristol,27,Aged 41 years,2,Male,5,Other ethnic group,82
E06000023,Bristol,28,Aged 42 years,1,Female,-8,Does not apply,0
E06000023,Bristol,28,Aged 42 years,1,Female,1,"Asian, Asian British or Asian Welsh",236
E06000023,Bristol,28,Aged 42 years,1,Female,2,"Black, Black British, Black Welsh, Caribbean or African",218
E06000023,Bristol,28,Aged 42 years,1,Female,3,Mixed or Multiple ethnic groups,98
E06000023,Bristol,28,Aged 42 years,1,Female,4,White,2382
E06000023,Bristol,28,Aged 42 years,1,Female,5,Other ethnic group,83
E06000023,Bristol,28,Aged 42 years,2,Male,-8,Does not apply,0
E06000023,Bristol,28,Aged 42 years,2,Male,1,"Asian, Asian British or Asian Welsh",234
E06000023,Bristol,28,Aged 42 years,2,Male,2,"Black, Black British, Black Welsh, Caribbean or African",184
E06000023,Bristol,28,Aged 42 years,2,Male,3,Mixed or Multiple ethnic groups,96
E06000023,Bristol,28,Aged 42 years,2,Male,4,White,2468
E06000023,Bristol,28,Aged 42 years,2,Male,5,Other ethnic group,83
E06000023,Bristol,29,Aged 43 years,1,Female,-8,Does not apply,0
E06000023,Bristol,29,Aged 43 years,1,Female,1,"Asian, Asian British or Asian Welsh",242
E06000023,Bristol,29,Aged 43 years,1,Female,2,"Black, Black British, Black Welsh, Caribbean or African",211
E06000023,Bristol,29,Aged 43 years,1,Female,3,Mixed or Multiple ethnic groups,79
E06000023,Bristol,29,Aged 43 years,1,Female,4,White,2186
E06000023,Bristol,29,Aged 43 years,1,Female,5,Other ethnic group,71
E06000023,Bristol,29,Aged 43 years,2,Male,-8,Does not apply,0
E06000023,Bristol,29,Aged 43 years,2,Male,1,"Asian, Asian British or Asian Welsh",231
E06000023,Bristol,29,Aged 43 years,2,Male,2,"Black, Black British, Black Welsh, Caribbean or African",195
E06000023,Bristol,29,Aged 43 years,2,Male,3,Mixed or Multiple ethnic groups,63
E06000023,Bristol,29,Aged 43 years,2,Male,4,White,2315
E06000023,Bristol,29,Aged 43 years,2,Male,5,Other ethnic group,82
E06000023,Bristol,30,Aged 44 years,1,Female,-8,Does not apply,0
E06000023,Bristol,30,Aged 44 years,1,Female,1,"Asian, Asian British or Asian Welsh",256
E06000023,Bristol,30,Aged 44 years,1,Female,2,"Black, Black British, Black Welsh, Caribbean or African",184
E06000023,Bristol,30,Aged 44 years,1,Female,3,Mixed or Multiple ethnic groups,87
E06000023,Bristol,30,Aged 44 years,1,Female,4,White,2150
E06000023,Bristol,30,Aged 44 years,1,Female,5,Other ethnic group,67
E06000023,Bristol,30,Aged 44 years,2,Male,-8,Does not apply,0
E06000023,Bristol,30,Aged 44 years,2,Male,1,"Asian, Asian British or Asian Welsh",239
E06000023,Bristol,30,Aged 44 years,2,Male,2,"Black, Black British, Black Welsh, Caribbean or African",201
E06000023,Bristol,30,Aged 44 years,2,Male,3,Mixed or Multiple ethnic groups,58
E06000023,Bristol,30,Aged 44 years,2,Male,4,White,2282
E06000023,Bristol,30,Aged 44 years,2,Male,5,Other ethnic group,76
E06000023,Bristol,31,Aged 45 years,1,Female,-8,Does not apply,0
E06000023,Bristol,31,Aged 45 years,1,Female,1,"Asian, Asian British or Asian Welsh",235
E06000023,Bristol,31,Aged 45 years,1,Female,2,"Black, Black British, Black Welsh, Caribbean or African",221
E06000023,Bristol,31,Aged 45 years,1,Female,3,Mixed or Multiple ethnic groups,72
E06000023,Bristol,31,Aged 45 years,1,Female,4,White,2174
E06000023,Bristol,31,Aged 45 years,1,Female,5,Other ethnic group,64
E06000023,Bristol,31,Aged 45 years,2,Male,-8,Does not apply,0
E06000023,Bristol,31,Aged 45 years,2,Male,1,"Asian, Asian British or Asian Welsh",220
E06000023,Bristol,31,Aged 45 years,2,Male,2,"Black, Black British, Black Welsh, Caribbean or African",179
E06000023,Bristol,31,Aged 45 years,2,Male,3,Mixed or Multiple ethnic groups,60
E06000023,Bristol,31,Aged 45 years,2,Male,4,White,2170
E06000023,Bristol,31,Aged 45 years,2,Male,5,Other ethnic group,75
E06000023,Bristol,32,Aged 46 years,1,Female,-8,Does not apply,0
E06000023,Bristol,32,Aged 46 years,1,Female,1,"Asian, Asian British or Asian Welsh",253
E06000023,Bristol,32,Aged 46 years,1,Female,2,"Black, Black British, Black Welsh, Caribbean or African",200
E06000023,Bristol,32,Aged 46 years,1,Female,3,Mixed or Multiple ethnic groups,69
E06000023,Bristol,32,Aged 46 years,1,Female,4,White,2167
E06000023,Bristol,32,Aged 46 years,1,Female,5,Other ethnic group,65
E06000023,Bristol,32,Aged 46 years,2,Male,-8,Does not apply,0
E06000023,Bristol,32,Aged 46 years,2,Male,1,"Asian, Asian British or Asian Welsh",213
E06000023,Bristol,32,Aged 46 years,2,Male,2,"Black, Black British, Black Welsh, Caribbean or African",169
E06000023,Bristol,32,Aged 46 years,2,Male,3,Mixed or Multiple ethnic groups,66
E06000023,Bristol,32,Aged 46 years,2,Male,4,White,2242
E06000023,Bristol,32,Aged 46 years,2,Male,5,Other ethnic group,65
E06000023,Bristol,33,Aged 47 years,1,Female,-8,Does not apply,0
E06000023,Bristol,33,Aged 47 years,1,Female,1,"Asian, Asian British or Asian Welsh",226
E06000023,Bristol,33,Aged 47 years,1,Female,2,"Black, Black British, Black Welsh, Caribbean or African",182
E06000023,Bristol,33,Aged 47 years,1,Female,3,Mixed or Multiple ethnic groups,76
E06000023,Bristol,33,Aged 47 years,1,Female,4,White,2101
E06000023,Bristol,33,Aged 47 years,1,Female,5,Other ethnic group,65
E06000023,Bristol,33,Aged 47 years,2,Male,-8,Does not apply,0
E06000023,Bristol,33,Aged 47 years,2,Male,1,"Asian, Asian British or Asian Welsh",198
E06000023,Bristol,33,Aged 47 years,2,Male,2,"Black, Black British, Black Welsh, Caribbean or African",154
E06000023,Bristol,33,Aged 47 years,2,Male,3,Mixed or Multiple ethnic groups,62
E06000023,Bristol,33,Aged 47 years,2,Male,4,White,2133
E06000023,Bristol,33,Aged 47 years,2,Male,5,Other ethnic group,72
E06000023,Bristol,34,Aged 48 years,1,Female,-8,Does not apply,0
E06000023,Bristol,34,Aged 48 years,1,Female,1,"Asian, Asian British or Asian Welsh",201
E06000023,Bristol,34,Aged 48 years,1,Female,2,"Black, Black British, Black Welsh, Caribbean or African",169
E06000023,Bristol,34,Aged 48 years,1,Female,3,Mixed or Multiple ethnic groups,75
E06000023,Bristol,34,Aged 48 years,1,Female,4,White,2098
E06000023,Bristol,34,Aged 48 years,1,Female,5,Other ethnic group,50
E06000023,Bristol,34,Aged 48 years,2,Male,-8,Does not apply,0
E06000023,Bristol,34,Aged 48 years,2,Male,1,"Asian, Asian British or Asian Welsh",219
E06000023,Bristol,34,Aged 48 years,2,Male,2,"Black, Black British, Black Welsh, Caribbean or African",185
E06000023,Bristol,34,Aged 48 years,2,Male,3,Mixed or Multiple ethnic groups,48
E06000023,Bristol,34,Aged 48 years,2,Male,4,White,2189
E06000023,Bristol,34,Aged 48 years,2,Male,5,Other ethnic group,49
E06000023,Bristol,35,Aged 49 years,1,Female,-8,Does not apply,0
E06000023,Bristol,35,Aged 49 years,1,Female,1,"Asian, Asian British or Asian Welsh",215
E06000023,Bristol,35,Aged 49 years,1,Female,2,"Black, Black British, Black Welsh, Caribbean or African",155
E06000023,Bristol,35,Aged 49 years,1,Female,3,Mixed or Multiple ethnic groups,65
E06000023,Bristol,35,Aged 49 years,1,Female,4,White,2211
E06000023,Bristol,35,Aged 49 years,1,Female,5,Other ethnic group,46
E06000023,Bristol,35,Aged 49 years,2,Male,-8,Does not apply,0
E06000023,Bristol,35,Aged 49 years,2,Male,1,"Asian, Asian British or Asian Welsh",203
E06000023,Bristol,35,Aged 49 years,2,Male,2,"Black, Black British, Black Welsh, Caribbean or African",161
E06000023,Bristol,35,Aged 49 years,2,Male,3,Mixed or Multiple ethnic groups,44
E06000023,Bristol,35,Aged 49 years,2,Male,4,White,2266
E06000023,Bristol,35,Aged 49 years,2,Male,5,Other ethnic group,59
E06000023,Bristol,36,Aged 50 years,1,Female,-8,Does not apply,0
E06000023,Bristol,36,Aged 50 years,1,Female,1,"Asian, Asian British or Asian Welsh",189
E06000023,Bristol,36,Aged 50 years,1,Female,2,"Black, Black British, Black Welsh, Caribbean or African",153
E06000023,Bristol,36,Aged 50 years,1,Female,3,Mixed or Multiple ethnic groups,60
E06000023,Bristol,36,Aged 50 years,1,Female,4,White,2190
E06000023,Bristol,36,Aged 50 years,1,Female,5,Other ethnic group,41
E06000023,Bristol,36,Aged 50 years,2,Male,-8,Does not apply,0
E06000023,Bristol,36,Aged 50 years,2,Male,1,"Asian, Asian British or Asian Welsh",209
E06000023,Bristol,36,Aged 50 years,2,Male,2,"Black, Black British, Black Welsh, Caribbean or African",199
E06000023,Bristol,36,Aged 50 years,2,Male,3,Mixed or Multiple ethnic groups,62
E06000023,Bristol,36,Aged 50 years,2,Male,4,White,2228
E06000023,Bristol,36,Aged 50 years,2,Male,5,Other ethnic group,52
E06000023,Bristol,37,Aged 51 years,1,Female,-8,Does not apply,0
E06000023,Bristol,37,Aged 51 years,1,Female,1,"Asian, Asian British or Asian Welsh",185
E06000023,Bristol,37,Aged 51 years,1,Female,2,"Black, Black British, Black Welsh, Caribbean or African",188
E06000023,Bristol,37,Aged 51 years,1,Female,3,Mixed or Multiple ethnic groups,53
E06000023,Bristol,37,Aged 51 years,1,Female,4,White,2153
E06000023,Bristol,37,Aged 51 years,1,Female,5,Other ethnic group,42
E06000023,Bristol,37,Aged 51 years,2,Male,-8,Does not apply,0
E06000023,Bristol,37,Aged 51 years,2,Male,1,"Asian, Asian British or Asian Welsh",167
E06000023,Bristol,37,Aged 51 years,2,Male,2,"Black, Black British, Black Welsh, Caribbean or African",164
E06000023,Bristol,37,Aged 51 years,2,Male,3,Mixed or Multiple ethnic groups,54
E06000023,Bristol,37,Aged 51 years,2,Male,4,White,2142
E06000023,Bristol,37,Aged 51 years,2,Male,5,Other ethnic group,49
E06000023,Bristol,38,Aged 52 years,1,Female,-8,Does not apply,0
E06000023,Bristol,38,Aged 52 years,1,Female,1,"Asian, Asian British or Asian Welsh",131
E06000023,Bristol,38,Aged 52 years,1,Female,2,"Black, Black British, Black Welsh, Caribbean or African",177
E06000023,Bristol,38,Aged 52 years,1,Female,3,Mixed or Multiple ethnic groups,63
E06000023,Bristol,38,Aged 52 years,1,Female,4,White,2223
E06000023,Bristol,38,Aged 52 years,1,Female,5,Other ethnic group,29
E06000023,Bristol,38,Aged 52 years,2,Male,-8,Does not apply,0
E06000023,Bristol,38,Aged 52 years,2,Male,1,"Asian, Asian British or Asian Welsh",138
E06000023,Bristol,38,Aged 52 years,2,Male,2,"Black, Black British, Black Welsh, Caribbean or African",187
E06000023,Bristol,38,Aged 52 years,2,Male,3,Mixed or Multiple ethnic groups,50
E06000023,Bristol,38,Aged 52 years,2,Male,4,White,2241
E06000023,Bristol,38,Aged 52 years,2,Male,5,Other ethnic group,50
E06000023,Bristol,39,Aged 53 years,1,Female,-8,Does not apply,0
E06000023,Bristol,39,Aged 53 years,1,Female,1,"Asian, Asian British or Asian Welsh",125
E06000023,Bristol,39,Aged 53 years,1,Female,2,"Black, Black British, Black Welsh, Caribbean or African",143
E06000023,Bristol,39,Aged 53 years,1,Female,3,Mixed or Multiple ethnic groups,60
E06000023,Bristol,39,Aged 53 years,1,Female,4,White,2082
E06000023,Bristol,39,Aged 53 years,1,Female,5,Other ethnic group,33
E06000023,Bristol,39,Aged 53 years,2,Male,-8,Does not apply,0
E06000023,Bristol,39,Aged 53 years,2,Male,1,"Asian, Asian British or Asian Welsh",121
E06000023,Bristol,39,Aged 53 years,2,Male,2,"Black, Black British, Black Welsh, Caribbean or African",186
E06000023,Bristol,39,Aged 53 years,2,Male,3,Mixed or Multiple ethnic groups,50
E06000023,Bristol,39,Aged 53 years,2,Male,4,White,2245
E06000023,Bristol,39,Aged 53 years,2,Male,5,Other ethnic group,35
E06000023,Bristol,40,Aged 54 years,1,Female,-8,Does not apply,0
E06000023,Bristol,40,Aged 54 years,1,Female,1,"Asian, Asian British or Asian Welsh",121
E06000023,Bristol,40,Aged 54 years,1,Female,2,"Black, Black British, Black Welsh, Caribbean or African",158
E06000023,Bristol,40,Aged 54 years,1,Female,3,Mixed or Multiple ethnic groups,74
E06000023,Bristol,40,Aged 54 years,1,Female,4,White,2212
E06000023,Bristol,40,Aged 54 years,1,Female,5,Other ethnic group,30
E06000023,Bristol,40,Aged 54 years,2,Male,-8,Does not apply,0
E06000023,Bristol,40,Aged 54 years,2,Male,1,"Asian, Asian British or Asian Welsh",122
E06000023,Bristol,40,Aged 54 years,2,Male,2,"Black, Black British, Black Welsh, Caribbean or African",185
E06000023,Bristol,40,Aged 54 years,2,Male,3,Mixed or Multiple ethnic groups,49
E06000023,Bristol,40,Aged 54 years,2,Male,4,White,2260
E06000023,Bristol,40,Aged 54 years,2,Male,5,Other ethnic group,47
E06000023,Bristol,41,Aged 55 years,1,Female,-8,Does not apply,0
E06000023,Bristol,41,Aged 55 years,1,Female,1,"Asian, Asian British or Asian Welsh",124
E06000023,Bristol,41,Aged 55 years,1,Female,2,"Black, Black British, Black Welsh, Caribbean or African",169
E06000023,Bristol,41,Aged 55 years,1,Female,3,Mixed or Multiple ethnic groups,56
E06000023,Bristol,41,Aged 55 years,1,Female,4,White,2286
E06000023,Bristol,41,Aged 55 years,1,Female,5,Other ethnic group,35
E06000023,Bristol,41,Aged 55 years,2,Male,-8,Does not apply,0
E06000023,Bristol,41,Aged 55 years,2,Male,1,"Asian, Asian British or Asian Welsh",113
E06000023,Bristol,41,Aged 55 years,2,Male,2,"Black, Black British, Black Welsh, Caribbean or African",181
E06000023,Bristol,41,Aged 55 years,2,Male,3,Mixed or Multiple ethnic groups,47
E06000023,Bristol,41,Aged 55 years,2,Male,4,White,2209
E06000023,Bristol,41,Aged 55 years,2,Male,5,Other ethnic group,25
E06000023,Bristol,42,Aged 56 years,1,Female,-8,Does not apply,0
E06000023,Bristol,42,Aged 56 years,1,Female,1,"Asian, Asian British or Asian Welsh",95
E06000023,Bristol,42,Aged 56 years,1,Female,2,"Black, Black British, Black Welsh, Caribbean or African",169
E06000023,Bristol,42,Aged 56 years,1,Female,3,Mixed or Multiple ethnic groups,51
E06000023,Bristol,42,Aged 56 years,1,Female,4,White,2209
E06000023,Bristol,42,Aged 56 years,1,Female,5,Other ethnic group,26
E06000023,Bristol,42,Aged 56 years,2,Male,-8,Does not apply,0
E06000023,Bristol,42,Aged 56 years,2,Male,1,"Asian, Asian British or Asian Welsh",112
E06000023,Bristol,42,Aged 56 years,2,Male,2,"Black, Black British, Black Welsh, Caribbean or African",170
E06000023,Bristol,42,Aged 56 years,2,Male,3,Mixed or Multiple ethnic groups,70
E06000023,Bristol,42,Aged 56 years,2,Male,4,White,2330
E06000023,Bristol,42,Aged 56 years,2,Male,5,Other ethnic group,29
E06000023,Bristol,43,Aged 57 years,1,Female,-8,Does not apply,0
E06000023,Bristol,43,Aged 57 years,1,Female,1,"Asian, Asian British or Asian Welsh",110
E06000023,Bristol,43,Aged 57 years,1,Female,2,"Black, Black British, Black Welsh, Caribbean or African",159
E06000023,Bristol,43,Aged 57 years,1,Female,3,Mixed or Multiple ethnic groups,59
E06000023,Bristol,43,Aged 57 years,1,Female,4,White,2173
E06000023,Bristol,43,Aged 57 years,1,Female,5,Other ethnic group,17
E06000023,Bristol,43,Aged 57 years,2,Male,-8,Does not apply,0
E06000023,Bristol,43,Aged 57 years,2,Male,1,"Asian, Asian British or Asian Welsh",99
E06000023,Bristol,43,Aged 57 years,2,Male,2,"Black, Black British, Black Welsh, Caribbean or African",166
E06000023,Bristol,43,Aged 57 years,2,Male,3,Mixed or Multiple ethnic groups,36
E06000023,Bristol,43,Aged 57 years,2,Male,4,White,2105
E06000023,Bristol,43,Aged 57 years,2,Male,5,Other ethnic group,27
E06000023,Bristol,44,Aged 58 years,1,Female,-8,Does not apply,0
E06000023,Bristol,44,Aged 58 years,1,Female,1,"Asian, Asian British or Asian Welsh",124
E06000023,Bristol,44,Aged 58 years,1,Female,2,"Black, Black British, Black Welsh, Caribbean or African",135
E06000023,Bristol,44,Aged 58 years,1,Female,3,Mixed or Multiple ethnic groups,31
E06000023,Bristol,44,Aged 58 years,1,Female,4,White,2134
E06000023,Bristol,44,Aged 58 years,1,Female,5,Other ethnic group,21
E06000023,Bristol,44,Aged 58 years,2,Male,-8,Does not apply,0
E06000023,Bristol,44,Aged 58 years,2,Male,1,"Asian, Asian British or Asian Welsh",99
E06000023,Bristol,44,Aged 58 years,2,Male,2,"Black, Black British, Black Welsh, Caribbean or African",148
E06000023,Bristol,44,Aged 58 years,2,Male,3,Mixed or Multiple ethnic groups,41
E06000023,Bristol,44,Aged 58 years,2,Male,4,White,2048
E06000023,Bristol,44,Aged 58 years,2,Male,5,Other ethnic group,35
E06000023,Bristol,45,Aged 59 years,1,Female,-8,Does not apply,0
E06000023,Bristol,45,Aged 59 years,1,Female,1,"Asian, Asian British or Asian Welsh",103
E06000023,Bristol,45,Aged 59 years,1,Female,2,"Black, Black British, Black Welsh, Caribbean or African",111
E06000023,Bristol,45,Aged 59 years,1,Female,3,Mixed or Multiple ethnic groups,31
E06000023,Bristol,45,Aged 59 years,1,Female,4,White,2044
E06000023,Bristol,45,Aged 59 years,1,Female,5,Other ethnic group,19
E06000023,Bristol,45,Aged 59 years,2,Male,-8,Does not apply,0
E06000023,Bristol,45,Aged 59 years,2,Male,1,"Asian, Asian British or Asian Welsh",97
E06000023,Bristol,45,Aged 59 years,2,Male,2,"Black, Black British, Black Welsh, Caribbean or African",130
E06000023,Bristol,45,Aged 59 years,2,Male,3,Mixed or Multiple ethnic groups,27
E06000023,Bristol,45,Aged 59 years,2,Male,4,White,2039
E06000023,Bristol,45,Aged 59 years,2,Male,5,Other ethnic group,24
E06000023,Bristol,46,Aged 60 years,1,Female,-8,Does not apply,0
E06000023,Bristol,46,Aged 60 years,1,Female,1,"Asian, Asian British or Asian Welsh",86
E06000023,Bristol,46,Aged 60 years,1,Female,2,"Black, Black British, Black Welsh, Caribbean or African",133
E06000023,Bristol,46,Aged 60 years,1,Female,3,Mixed or Multiple ethnic groups,45
E06000023,Bristol,46,Aged 60 years,1,Female,4,White,1938
E06000023,Bristol,46,Aged 60 years,1,Female,5,Other ethnic group,14
E06000023,Bristol,46,Aged 60 years,2,Male,-8,Does not apply,0
E06000023,Bristol,46,Aged 60 years,2,Male,1,"Asian, Asian British or Asian Welsh",103
E06000023,Bristol,46,Aged 60 years,2,Male,2,"Black, Black British, Black Welsh, Caribbean or African",117
E06000023,Bristol,46,Aged 60 years,2,Male,3,Mixed or Multiple ethnic groups,33
E06000023,Bristol,46,Aged 60 years,2,Male,4,White,1898
E06000023,Bristol,46,Aged 60 years,2,Male,5,Other ethnic group,26
E06000023,Bristol,47,Aged 61 years,1,Female,-8,Does not apply,0
E06000023,Bristol,47,Aged 61 years,1,Female,1,"Asian, Asian British or Asian Welsh",89
E06000023,Bristol,47,Aged 61 years,1,Female,2,"Black, Black British, Black Welsh, Caribbean or African",100
E06000023,Bristol,47,Aged 61 years,1,Female,3,Mixed or Multiple ethnic groups,43
E06000023,Bristol,47,Aged 61 years,1,Female,4,White,1850
E06000023,Bristol,47,Aged 61 years,1,Female,5,Other ethnic group,18
E06000023,Bristol,47,Aged 61 years,2,Male,-8,Does not apply,0
E06000023,Bristol,47,Aged 61 years,2,Male,1,"Asian, Asian British or Asian Welsh",88
E06000023,Bristol,47,Aged 61 years,2,Male,2,"Black, Black British, Black Welsh, Caribbean or African",102
E06000023,Bristol,47,Aged 61 years,2,Male,3,Mixed or Multiple ethnic groups,22
E06000023,Bristol,47,Aged 61 years,2,Male,4,White,1802
E06000023,Bristol,47,Aged 61 years,2,Male,5,Other ethnic group,26
E06000023,Bristol,48,Aged 62 years,1,Female,-8,Does not apply,0
E06000023,Bristol,48,Aged 62 years,1,Female,1,"Asian, Asian British or Asian Welsh",95
E06000023,Bristol,48,Aged 62 years,1,Female,2,"Black, Black British, Black Welsh, Caribbean or African",89
E06000023,Bristol,48,Aged 62 years,1,Female,3,Mixed or Multiple ethnic groups,36
E06000023,Bristol,48,Aged 62 years,1,Female,4,White,1816
E06000023,Bristol,48,Aged 62 years,1,Female,5,Other ethnic group,29
E06000023,Bristol,48,Aged 62 years,2,Male,-8,Does not apply,0
E06000023,Bristol,48,Aged 62 years,2,Male,1,"Asian, Asian British or Asian Welsh",97
E06000023,Bristol,48,Aged 62 years,2,Male,2,"Black, Black British, Black Welsh, Caribbean or African",102
E06000023,Bristol,48,Aged 62 years,2,Male,3,Mixed or Multiple ethnic groups,22
E06000023,Bristol,48,Aged 62 years,2,Male,4,White,1829
E06000023,Bristol,48,Aged 62 years,2,Male,5,Other ethnic group,19
E06000023,Bristol,49,Aged 63 years,1,Female,-8,Does not apply,0
E06000023,Bristol,49,Aged 63 years,1,Female,1,"Asian, Asian British or Asian Welsh",87
E06000023,Bristol,49,Aged 63 years,1,Female,2,"Black, Black British, Black Welsh, Caribbean or African",93
E06000023,Bristol,49,Aged 63 years,1,Female,3,Mixed or Multiple ethnic groups,27
E06000023,Bristol,49,Aged 63 years,1,Female,4,White,1882
E06000023,Bristol,49,Aged 63 years,1,Female,5,Other ethnic group,17
E06000023,Bristol,49,Aged 63 years,2,Male,-8,Does not apply,0
E06000023,Bristol,49,Aged 63 years,2,Male,1,"Asian, Asian British or Asian Welsh",81
E06000023,Bristol,49,Aged 63 years,2,Male,2,"Black, Black British, Black Welsh, Caribbean or African",73
E06000023,Bristol,49,Aged 63 years,2,Male,3,Mixed or Multiple ethnic groups,23
E06000023,Bristol,49,Aged 63 years,2,Male,4,White,1716
E06000023,Bristol,49,Aged 63 years,2,Male,5,Other ethnic group,22
E06000023,Bristol,50,Aged 64 years,1,Female,-8,Does not apply,0
E06000023,Bristol,50,Aged 64 years,1,Female,1,"Asian, Asian British or Asian Welsh",76
E06000023,Bristol,50,Aged 64 years,1,Female,2,"Black, Black British, Black Welsh, Caribbean or African",70
E06000023,Bristol,50,Aged 64 years,1,Female,3,Mixed or Multiple ethnic groups,23
E06000023,Bristol,50,Aged 64 years,1,Female,4,White,1623
E06000023,Bristol,50,Aged 64 years,1,Female,5,Other ethnic group,20
E06000023,Bristol,50,Aged 64 years,2,Male,-8,Does not apply,0
E06000023,Bristol,50,Aged 64 years,2,Male,1,"Asian, Asian British or Asian Welsh",72
E06000023,Bristol,50,Aged 64 years,2,Male,2,"Black, Black British, Black Welsh, Caribbean or African",63
E06000023,Bristol,50,Aged 64 years,2,Male,3,Mixed or Multiple ethnic groups,17
E06000023,Bristol,50,Aged 64 years,2,Male,4,White,1720
E06000023,Bristol,50,Aged 64 years,2,Male,5,Other ethnic group,22
E06000023,Bristol,51,Aged 65 years,1,Female,-8,Does not apply,0
E06000023,Bristol,51,Aged 65 years,1,Female,1,"Asian, Asian British or Asian Welsh",77
E06000023,Bristol,51,Aged 65 years,1,Female,2,"Black, Black British, Black Welsh, Caribbean or African",60
E06000023,Bristol,51,Aged 65 years,1,Female,3,Mixed or Multiple ethnic groups,22
E06000023,Bristol,51,Aged 65 years,1,Female,4,White,1627
E06000023,Bristol,51,Aged 65 years,1,Female,5,Other ethnic group,18
E06000023,Bristol,51,Aged 65 years,2,Male,-8,Does not apply,0
E06000023,Bristol,51,Aged 65 years,2,Male,1,"Asian, Asian British or Asian Welsh",59
E06000023,Bristol,51,Aged 65 years,2,Male,2,"Black, Black British, Black Welsh, Caribbean or African",71
E06000023,Bristol,51,Aged 65 years,2,Male,3,Mixed or Multiple ethnic groups,21
E06000023,Bristol,51,Aged 65 years,2,Male,4,White,1624
E06000023,Bristol,51,Aged 65 years,2,Male,5,Other ethnic group,8
E06000023,Bristol,52,Aged 66 years,1,Female,-8,Does not apply,0
E06000023,Bristol,52,Aged 66 years,1,Female,1,"Asian, Asian British or Asian Welsh",59
E06000023,Bristol,52,Aged 66 years,1,Female,2,"Black, Black British, Black Welsh, Caribbean or African",59
E06000023,Bristol,52,Aged 66 years,1,Female,3,Mixed or Multiple ethnic groups,23
E06000023,Bristol,52,Aged 66 years,1,Female,4,White,1586
E06000023,Bristol,52,Aged 66 years,1,Female,5,Other ethnic group,14
E06000023,Bristol,52,Aged 66 years,2,Male,-8,Does not apply,0
E06000023,Bristol,52,Aged 66 years,2,Male,1,"Asian, Asian British or Asian Welsh",82
E06000023,Bristol,52,Aged 66 years,2,Male,2,"Black, Black British, Black Welsh, Caribbean or African",65
E06000023,Bristol,52,Aged 66 years,2,Male,3,Mixed or Multiple ethnic groups,15
E06000023,Bristol,52,Aged 66 years,2,Male,4,White,1536
E06000023,Bristol,52,Aged 66 years,2,Male,5,Other ethnic group,15
E06000023,Bristol,53,Aged 67 years,1,Female,-8,Does not apply,0
E06000023,Bristol,53,Aged 67 years,1,Female,1,"Asian, Asian British or Asian Welsh",67
E06000023,Bristol,53,Aged 67 years,1,Female,2,"Black, Black British, Black Welsh, Caribbean or African",54
E06000023,Bristol,53,Aged 67 years,1,Female,3,Mixed or Multiple ethnic groups,15
E06000023,Bristol,53,Aged 67 years,1,Female,4,White,1630
E06000023,Bristol,53,Aged 67 years,1,Female,5,Other ethnic group,5
E06000023,Bristol,53,Aged 67 years,2,Male,-8,Does not apply,0
E06000023,Bristol,53,Aged 67 years,2,Male,1,"Asian, Asian British or Asian Welsh",77
E06000023,Bristol,53,Aged 67 years,2,Male,2,"Black, Black British, Black Welsh, Caribbean or African",50
E06000023,Bristol,53,Aged 67 years,2,Male,3,Mixed or Multiple ethnic groups,11
E06000023,Bristol,53,Aged 67 years,2,Male,4,White,1523
E06000023,Bristol,53,Aged 67 years,2,Male,5,Other ethnic group,15
E06000023,Bristol,54,Aged 68 years,1,Female,-8,Does not apply,0
E06000023,Bristol,54,Aged 68 years,1,Female,1,"Asian, Asian British or Asian Welsh",69
E06000023,Bristol,54,Aged 68 years,1,Female,2,"Black, Black British, Black Welsh, Caribbean or African",50
E06000023,Bristol,54,Aged 68 years,1,Female,3,Mixed or Multiple ethnic groups,15
E06000023,Bristol,54,Aged 68 years,1,Female,4,White,1532
E06000023,Bristol,54,Aged 68 years,1,Female,5,Other ethnic group,18
E06000023,Bristol,54,Aged 68 years,2,Male,-8,Does not apply,0
E06000023,Bristol,54,Aged 68 years,2,Male,1,"Asian, Asian British or Asian Welsh",49
E06000023,Bristol,54,Aged 68 years,2,Male,2,"Black, Black British, Black Welsh, Caribbean or African",43
E06000023,Bristol,54,Aged 68 years,2,Male,3,Mixed or Multiple ethnic groups,5
E06000023,Bristol,54,Aged 68 years,2,Male,4,White,1412
E06000023,Bristol,54,Aged 68 years,2,Male,5,Other ethnic group,20
E06000023,Bristol,55,Aged 69 years,1,Female,-8,Does not apply,0
E06000023,Bristol,55,Aged 69 years,1,Female,1,"Asian, Asian British or Asian Welsh",66
E06000023,Bristol,55,Aged 69 years,1,Female,2,"Black, Black British, Black Welsh, Caribbean or African",35
E06000023,Bristol,55,Aged 69 years,1,Female,3,Mixed or Multiple ethnic groups,13
E06000023,Bristol,55,Aged 69 years,1,Female,4,White,1413
E06000023,Bristol,55,Aged 69 years,1,Female,5,Other ethnic group,14
E06000023,Bristol,55,Aged 69 years,2,Male,-8,Does not apply,0
E06000023,Bristol,55,Aged 69 years,2,Male,1,"Asian, Asian British or Asian Welsh",49
E06000023,Bristol,55,Aged 69 years,2,Male,2,"Black, Black British, Black Welsh, Caribbean or African",35
E06000023,Bristol,55,Aged 69 years,2,Male,3,Mixed or Multiple ethnic groups,4
E06000023,Bristol,55,Aged 69 years,2,Male,4,White,1416
E06000023,Bristol,55,Aged 69 years,2,Male,5,Other ethnic group,18
E06000023,Bristol,56,Aged 70 years,1,Female,-8,Does not apply,0
E06000023,Bristol,56,Aged 70 years,1,Female,1,"Asian, Asian British or Asian Welsh",48
E06000023,Bristol,56,Aged 70 years,1,Female,2,"Black, Black British, Black Welsh, Caribbean or African",33
E06000023,Bristol,56,Aged 70 years,1,Female,3,Mixed or Multiple ethnic groups,11
E06000023,Bristol,56,Aged 70 years,1,Female,4,White,1474
E06000023,Bristol,56,Aged 70 years,1,Female,5,Other ethnic group,13
E06000023,Bristol,56,Aged 70 years,2,Male,-8,Does not apply,0
E06000023,Bristol,56,Aged 70 years,2,Male,1,"Asian, Asian British or Asian Welsh",40
E06000023,Bristol,56,Aged 70 years,2,Male,2,"Black, Black British, Black Welsh, Caribbean or African",35
E06000023,Bristol,56,Aged 70 years,2,Male,3,Mixed or Multiple ethnic groups,11
E06000023,Bristol,56,Aged 70 years,2,Male,4,White,1441
E06000023,Bristol,56,Aged 70 years,2,Male,5,Other ethnic group,11
E06000023,Bristol,57,Aged 71 years,1,Female,-8,Does not apply,0
E06000023,Bristol,57,Aged 71 years,1,Female,1,"Asian, Asian British or Asian Welsh",43
E06000023,Bristol,57,Aged 71 years,1,Female,2,"Black, Black British, Black Welsh, Caribbean or African",37
E06000023,Bristol,57,Aged 71 years,1,Female,3,Mixed or Multiple ethnic groups,12
E06000023,Bristol,57,Aged 71 years,1,Female,4,White,1502
E06000023,Bristol,57,Aged 71 years,1,Female,5,Other ethnic group,10
E06000023,Bristol,57,Aged 71 years,2,Male,-8,Does not apply,0
E06000023,Bristol,57,Aged 71 years,2,Male,1,"Asian, Asian British or Asian Welsh",34
E06000023,Bristol,57,Aged 71 years,2,Male,2,"Black, Black British, Black Welsh, Caribbean or African",23
E06000023,Bristol,57,Aged 71 years,2,Male,3,Mixed or Multiple ethnic groups,9
E06000023,Bristol,57,Aged 71 years,2,Male,4,White,1447
E06000023,Bristol,57,Aged 71 years,2,Male,5,Other ethnic group,16
E06000023,Bristol,58,Aged 72 years,1,Female,-8,Does not apply,0
E06000023,Bristol,58,Aged 72 years,1,Female,1,"Asian, Asian British or Asian Welsh",38
E06000023,Bristol,58,Aged 72 years,1,Female,2,"Black, Black British, Black Welsh, Caribbean or African",26
E06000023,Bristol,58,Aged 72 years,1,Female,3,Mixed or Multiple ethnic groups,10
E06000023,Bristol,58,Aged 72 years,1,Female,4,White,1515
E06000023,Bristol,58,Aged 72 years,1,Female,5,Other ethnic group,13
E06000023,Bristol,58,Aged 72 years,2,Male,-8,Does not apply,0
E06000023,Bristol,58,Aged 72 years,2,Male,1,"Asian, Asian British or Asian Welsh",28
E06000023,Bristol,58,Aged 72 years,2,Male,2,"Black, Black British, Black Welsh, Caribbean or African",12
E06000023,Bristol,58,Aged 72 years,2,Male,3,Mixed or Multiple ethnic groups,5
E06000023,Bristol,58,Aged 72 years,2,Male,4,White,1435
E06000023,Bristol,58,Aged 72 years,2,Male,5,Other ethnic group,7
E06000023,Bristol,59,Aged 73 years,1,Female,-8,Does not apply,0
E06000023,Bristol,59,Aged 73 years,1,Female,1,"Asian, Asian British or Asian Welsh",32
E06000023,Bristol,59,Aged 73 years,1,Female,2,"Black, Black British, Black Welsh, Caribbean or African",28
E06000023,Bristol,59,Aged 73 years,1,Female,3,Mixed or Multiple ethnic groups,8
E06000023,Bristol,59,Aged 73 years,1,Female,4,White,1679
E06000023,Bristol,59,Aged 73 years,1,Female,5,Other ethnic group,9
E06000023,Bristol,59,Aged 73 years,2,Male,-8,Does not apply,0
E06000023,Bristol,59,Aged 73 years,2,Male,1,"Asian, Asian British or Asian Welsh",31
E06000023,Bristol,59,Aged 73 years,2,Male,2,"Black, Black British, Black Welsh, Caribbean or African",18
E06000023,Bristol,59,Aged 73 years,2,Male,3,Mixed or Multiple ethnic groups,3
E06000023,Bristol,59,Aged 73 years,2,Male,4,White,1507
E06000023,Bristol,59,Aged 73 years,2,Male,5,Other ethnic group,10
E06000023,Bristol,60,Aged 74 years,1,Female,-8,Does not apply,0
E06000023,Bristol,60,Aged 74 years,1,Female,1,"Asian, Asian British or Asian Welsh",24
E06000023,Bristol,60,Aged 74 years,1,Female,2,"Black, Black British, Black Welsh, Caribbean or African",26
E06000023,Bristol,60,Aged 74 years,1,Female,3,Mixed or Multiple ethnic groups,5
E06000023,Bristol,60,Aged 74 years,1,Female,4,White,1552
E06000023,Bristol,60,Aged 74 years,1,Female,5,Other ethnic group,3
E06000023,Bristol,60,Aged 74 years,2,Male,-8,Does not apply,0
E06000023,Bristol,60,Aged 74 years,2,Male,1,"Asian, Asian British or Asian Welsh",23
E06000023,Bristol,60,Aged 74 years,2,Male,2,"Black, Black British, Black Welsh, Caribbean or African",11
E06000023,Bristol,60,Aged 74 years,2,Male,3,Mixed or Multiple ethnic groups,4
E06000023,Bristol,60,Aged 74 years,2,Male,4,White,1443
E06000023,Bristol,60,Aged 74 years,2,Male,5,Other ethnic group,8
E06000023,Bristol,61,Aged 75 years and over,1,Female,-8,Does not apply,0
E06000023,Bristol,61,Aged 75 years and over,1,Female,1,"Asian, Asian British or Asian Welsh",298
E06000023,Bristol,61,Aged 75 years and over,1,Female,2,"Black, Black British, Black Welsh, Caribbean or African",485
E06000023,Bristol,61,Aged 75 years and over,1,Female,3,Mixed or Multiple ethnic groups,79
E06000023,Bristol,61,Aged 75 years and over,1,Female,4,White,14033
E06000023,Bristol,61,Aged 75 years and over,1,Female,5,Other ethnic group,55
E06000023,Bristol,61,Aged 75 years and over,2,Male,-8,Does not apply,0
E06000023,Bristol,61,Aged 75 years and over,2,Male,1,"Asian, Asian British or Asian Welsh",261
E06000023,Bristol,61,Aged 75 years and over,2,Male,2,"Black, Black British, Black Welsh, Caribbean or African",330
E06000023,Bristol,61,Aged 75 years and over,2,Male,3,Mixed or Multiple ethnic groups,56
E06000023,Bristol,61,Aged 75 years and over,2,Male,4,White,10729
E06000023,Bristol,61,Aged 75 years and over,2,Male,5,Other ethnic group,48
